BEGIN TRANSACTION;
CREATE TABLE IF NOT EXISTS `VERB_CATEGORIES` (
	`VERB_ID`	INTEGER,
	`CATEGORY_ID`	INTEGER,
	FOREIGN KEY(`CATEGORY_ID`) REFERENCES `CATEGORIES`(`CATEGORY_ID`),
	FOREIGN KEY(`VERB_ID`) REFERENCES `VERBS`(`VERB_ID`)
);
CREATE TABLE IF NOT EXISTS `VERBS` (
	`VERB_ID`	INTEGER,
	`VERB_NAME`	TEXT,
	`FUNCTION_CALL`	TEXT NOT NULL DEFAULT 'null_function',
	PRIMARY KEY(`VERB_ID`)
);
INSERT INTO `VERBS` (VERB_ID,VERB_NAME,FUNCTION_CALL) VALUES (1,'go to','go_to'),
 (2,'search','search');
CREATE TABLE IF NOT EXISTS `STATEMENTS` (
	`STATEMENT_ID`	INTEGER,
	`STATEMENT_KEY`	TEXT,
	`STATEMENT_PARTS`	TEXT,
	`SQL_COMMAND`	TEXT
);
CREATE TABLE IF NOT EXISTS `People` (
	`PERSON_ID`	INTEGER PRIMARY KEY AUTOINCREMENT,
	`PERSON_NAME`	TEXT NOT NULL,
	`PERSON_LOCATION`	INTEGER,
	FOREIGN KEY(`PERSON_LOCATION`) REFERENCES `LOCATIONS`(`LOCATION_ID`)
);
INSERT INTO `People` (PERSON_ID,PERSON_NAME,PERSON_LOCATION) VALUES (1,'you',1),
 (2,'i',1);
CREATE TABLE IF NOT EXISTS `OBJECT_DESCRIPTION` (
	`object_id`	INTEGER,
	`attribute_id`	INTEGER,
	`attribute_value`	TEXT,
	FOREIGN KEY(`object_id`) REFERENCES `OBJECTS`(`object_id`) ON DELETE CASCADE,
	FOREIGN KEY(`attribute_id`) REFERENCES `ADJECTIVES`(`adjective_id`) ON DELETE CASCADE
);
INSERT INTO `OBJECT_DESCRIPTION` (object_id,attribute_id,attribute_value) VALUES (1,1,'white'),
 (2,1,'white'),
 (3,1,'black'),
 (4,1,'red'),
 (5,1,'blue'),
 (6,1,'brown');
CREATE TABLE IF NOT EXISTS `OBJECT_CATEGORIES` (
	`OBJECT_ID`	INTEGER,
	`CATEGORY_ID`	INTEGER,
	FOREIGN KEY(`OBJECT_ID`) REFERENCES `OBJECTS`(`OBJECT_ID`),
	FOREIGN KEY(`CATEGORY_ID`) REFERENCES `CATEGORIES`(`CATEGORY_ID`)
);
INSERT INTO `OBJECT_CATEGORIES` (OBJECT_ID,CATEGORY_ID) VALUES (1,2),
 (2,1),
 (3,6),
 (3,7),
 (3,5),
 (4,5),
 (5,4),
 (6,2),
 (6,3);
CREATE TABLE IF NOT EXISTS `OBJECTS` (
	`object_id`	INTEGER,
	`OBJECT_NAME`	TEXT,
	`OBJECT_LOCATION`	INTEGER,
	`OBJECT_X_POSITION`	INTEGER,
	`OBJECT_Z_POSITION`	INTEGER,
	FOREIGN KEY(`OBJECT_LOCATION`) REFERENCES `LOCATIONS`(`LOCATION_ID`),
	PRIMARY KEY(`object_id`)
);
INSERT INTO `OBJECTS` (object_id,OBJECT_NAME,OBJECT_LOCATION,OBJECT_X_POSITION,OBJECT_Z_POSITION) VALUES (1,'refrigerator',2,21,3),
 (2,'oven',2,21,6),
 (3,'tv',1,-6,10),
 (4,'couch',1,-6,-8),
 (5,'bed',3,17,-8),
 (6,'nightstand',3,20,-10);
CREATE TABLE IF NOT EXISTS `LOCATIONS` (
	`LOCATION_ID`	INTEGER,
	`LOCATION_NAME`	TEXT NOT NULL,
	`LOCATION_X`	INTEGER NOT NULL,
	`LOCATION_Y`	INTEGER NOT NULL,
	PRIMARY KEY(`LOCATION_ID`)
);
INSERT INTO `LOCATIONS` (LOCATION_ID,LOCATION_NAME,LOCATION_X,LOCATION_Y) VALUES (1,'main room',-6,0),
 (2,'kitchen',17,5),
 (3,'bedroom',17,-6);
CREATE TABLE IF NOT EXISTS `COMPARATORS` (
	`COMPARATOR_ID`	INTEGER,
	`LESS_THAN`	TEXT,
	`GREATER_THAN`	TEXT,
	`EQUAL`	TEXT,
	PRIMARY KEY(`COMPARATOR_ID`)
);
INSERT INTO `COMPARATORS` (COMPARATOR_ID,LESS_THAN,GREATER_THAN,EQUAL) VALUES (1,'lighter','heavier','as heavy as');
CREATE TABLE IF NOT EXISTS `CATEGORIES` (
	`CATEGORY_ID`	INTEGER,
	`CATEGORY_NAME`	TEXT NOT NULL UNIQUE,
	PRIMARY KEY(`CATEGORY_ID`)
);
INSERT INTO `CATEGORIES` (CATEGORY_ID,CATEGORY_NAME) VALUES (1,'cooking'),
 (2,'container'),
 (3,'counter'),
 (4,'sleep'),
 (5,'liesure'),
 (6,'electronic'),
 (7,'entertainment');
CREATE TABLE IF NOT EXISTS `ATTRIBUTE_COMPARATORS` (
	`ATTRIBUTE_ID`	INTEGER,
	`COMPARATOR_ID`	INTEGER,
	FOREIGN KEY(`COMPARATOR_ID`) REFERENCES `COMPARATORS`(`COMPARATOR_ID`),
	FOREIGN KEY(`ATTRIBUTE_ID`) REFERENCES `ATTRIBUTES`(`ATTRIBUTE_ID`)
);
INSERT INTO `ATTRIBUTE_COMPARATORS` (ATTRIBUTE_ID,COMPARATOR_ID) VALUES (2,1);
CREATE TABLE IF NOT EXISTS `ATTRIBUTES` (
	`ATTRIBUTE_ID`	INTEGER,
	`ATTRIBUTE_NAME`	TEXT NOT NULL UNIQUE,
	PRIMARY KEY(`ATTRIBUTE_ID`)
);
INSERT INTO `ATTRIBUTES` (ATTRIBUTE_ID,ATTRIBUTE_NAME) VALUES (1,'color'),
 (2,'weight'),
 (3,'texture'),
 (4,'volume');
CREATE TABLE IF NOT EXISTS `ADJECTIVE_TYPE` (
	`attribute_id`	INTEGER,
	`adjective_id`	INTEGER,
	FOREIGN KEY(`adjective_id`) REFERENCES `ADJECTIVES`(`adjective_id`),
	FOREIGN KEY(`attribute_id`) REFERENCES `ATTRIBUTES`(`attribute_id`)
);
INSERT INTO `ADJECTIVE_TYPE` (attribute_id,adjective_id) VALUES (1,7),
 (1,8),
 (1,9),
 (1,1),
 (1,10),
 (1,7),
 (1,7),
 (1,10),
 (1,1),
 (1,9),
 (1,8);
CREATE TABLE IF NOT EXISTS `ADJECTIVES` (
	`adjective_id`	INTEGER,
	`adjective_name`	TEXT UNIQUE,
	PRIMARY KEY(`adjective_id`)
);
INSERT INTO `ADJECTIVES` (adjective_id,adjective_name) VALUES (1,'red'),
 (2,'yellow'),
 (3,'heavy'),
 (4,'light'),
 (5,'green'),
 (7,'white'),
 (8,'brown'),
 (9,'blue'),
 (10,'black');
COMMIT;
